,safe
147624,Many street signs in front of a building while it is snowing.
155112,Two boats are on the shore of some green water.
62975,Skiers on snow covered slopes near chair lift.
71184,birthday cake with fruit and teddy bears on it
146707,A close up view of a giraffe in front of a palm tree.
136271,a painting on the wall of a man raising up an umbrella 
137803,Two old men sitting on a park bench together.
43246,A woman holding a Nintendo Wii game controller next to a man.
17713,The Big Ben clock tower towering over the city of London.
156673,A woman in nothing but heals on a bed.
17812,a man is talking in to a microphone on stage
42639,People are playing baseball as an audience watches.
133300,An older woman on a tennis court hitting a ball with her racket 
130600,A surfer on his board performing a trick.  
8324,A girl in a bathing suit is showering off in a bathroom area with an open stall.
123663,A picture of a clean and organized bathroom.
128066,A red motorcycle parked next to a woman sitting down.
129358,A woman is laying on a bed with two dogs.
26114,A man who is standing next to a bicycle.
47602,The people are walking through the doors at the store.
74358,A very large herd of elephants in a big grassy field.
152540,there are two yellow empty school buses 
76160,A cat is sleeping in a cat bed under an umbrella.
8967,A kitchen with a washing machine in it.
23189,A group of old-fashioned dressed people play a game.
118729,Sheep and roosters standing around in the grass together. 
56850,The cheese cake is on a plate next to a fork. 
31986,A person is riding a skateboard down the stairs.
68105,a dog tied to a motorcycle with a side car in a parking lot 
113843,Several athletes appear to be having a disagreement.
21394,a young woman riding a long board on the sidewalk.
107067,Two people on an ocean beach with one holding a frisbee.
18020,A clock tower is lit in the night sky.
46314,a young female walking at night smoking and talking on her mobile phone
14535,A man sits in a dimly lit room using a laptop computer.
103673,A man swinging a bat while playing baseball.
51943,A large cake sitting on a yellow plate covered in raspberries.
18853,A deep dish pizza on restaurant plates topped with olives. 
75235,train station with a luggage cart and people waiting
32062,A man on a surf board riding a small wave in the ocean.
139895,Little boy in a tie holding a large stick.
53356,A large brown bear walking across a river.
79731,A person does a skateboard trick in the air
41087,A man in yellow shirt and grey shorts playing tennis.
106619,Fruits and vegetables packed in a card broad box.
140181,The man is standing in the messy room.
149116,yellow train coming down the tracks away from a blue sky
17087,A person is holding up their cell phone to take a picture.
128787,A man is surfing on a moderately big wave in the ocean
95383,A long large train on a steel track.
28050,A look into a very narrow rest room with a tub.
42506,The yellow refrigerator and stove both have eyes painted on them.
76556,A picture of sail boats floating in a harbor.
51668,A PERSON PERFORMING A SKATING STUNT WITH MULTIPLE FRAMES COMBINED.
157708,A computer mouse is hanging out of a book bag.
10920,A bundle of wadded up toilet paper is next to a toilet.
116016,A luxurious spa area with a tub and seating area.
43555,A the bottom part of a blender on a counter next to papers. 
44648,A big bunch of images of some people and a wheel in the grass.
154609,horses laying down on the grass beside trees and a barn
147937,A couple of planes is standing in front of the airport station window.
42977,a male in a white shirt a mirror and a camera
155761,A man sitting on the sidewalk under an umbrella 
48067,The delivery truck has colorful bottles on the side of it. 
12398,A man scooping food from a pan near a cluttered  wooden table.
90068,An airplane is sitting out in the water.
101550,Two sheep stand in the snow and eat grass. 
103359,"The skiers are in close competititon, moving downhill"
109343,Some women standing next to a table with many oranges.
70314,two men on a scooter riding down the roadway
73344,Sidewalk and nose in street metered parking spots.
67787,A couple of planes getting ready to take off on a runway.
81496,A team of soccer players playing a game on a field.
94452,A bench sitting in the grass in front of trees.
146665,A brown horse next to a white horse on a field.  
147113,Two decorative barrel planters sit next to a picnic table.
34168,A bedroom area with a metal framed bed and picture on wall.
38008,There are no doors in that entry way.
68288,a black and white picture of a woman in the kitchen with her dog 
54322,"A wake boarder riding on a wave, in the middle of a lake."
151328,a few people that are sitting on some benches
121479,A large white tropical bird perched on a palm tree
122236,four urinals in a public restroom with a window
140198,A group of people walking through an airport.
21109,a couple of men eat some food over a table 
109649,"A group of people eating at a table.
"
158351,an elephant is walking on some grass and some trees
1481,A woman sitting in a chair and talking on a cell phone.
143886,A group of young people playing a game of frisbee.
138369,Large group of people with umbrellas at outdoor event.
97984,A miniature kitchen with a large electronic device.
157197,A man is outdoors throwing a Frisbee in a park. 
2346,A store display of various donut styles for sale.
81745,a man that is on a surfboard on some water
45786,A boy holding a tennis racquet on a tennis court 
151014,A very big pretty bird flying over a field.
137368,a girl in a bikini and a brown and white dog and a few other people
73241,A cat on a seat of some sort during the day.
89497,A view of a bathroom sink with three lights above it.
39116,Young girl helping young boy with hair care.
21805,a dirty kitchen with some appliances inside of it 
78051,A pizza with lots of toppings sits ready to be eaten.
120044,The sheep is looking over the crest of the hill.
15934,I long and skinny piece of home made pizza.
94280,Road signs and orange barrels lit up at night.
82837,a person waling through a field of strawberries carrying a tennis rackett
14260,A laptop with a variety of stickers on its front case.
131305,A white plate with a piece of cheese cake on top of it.
25806,a person in a collared shirt standing next to a bicycle 
134728,A cat laying on top of a cat bed near a plastic bag.
53919,The banana is next to a blue device with a clear wire.
88948,a white stove and microwave and some brown cabinets
142259,A man on a pair of skies near a building.
93655,A group of people standing around a green train car.
137932,"A silver, red, and yellow train approaching on the tracks. "
100982,A work crew standing near a steam engine.
150873,A stop sign under some other street signs.
84528,"A large kitchen features a wood floor, white appliances and brown cabinets."
99633,A brown and white dog and person standing on a wooden floor.
88425,"A small bathroom with a sink, toilet and a bathtub."
46236,"A computer monitor and keyboard, and a laptop on a desk "
46730,A rusted volunteer fire department truck out in a field.
83931,Corner green glass basin in a wallpapered bathroom.
71638,a cow stares as it stands in a muddy area 
89871,"A sink,mirror, and broom in a bathroom. "
35730,A girl sitting in front on a slice of pizza
129296,"A hand holding aluminum foil half wrapped pork sausage dog in a hot dog bun with shredded vegetables, over sidewalk area with grate."
96979,A black and white photograph of people at a bus stop.
34697,A group of people that are fine kites.
15440,This clock tower is located among some shrubs in a park
35961,"Laptops, keyboards, and other computer equipment on display."
106530,a close up of a plate of food with broccoli
91660,A sign that is by the grass in a streets.
102516,Lone giraffe standing in grass facing the camera.
153888,"People in an isle of black and white suitcases except for a few blue ones, "
132574,Man at a tennis match holding a tennis bracket.
90581,A young lady is posing for the camera. 
25401,Two people are in a food truck cooking with the doors open. 
5498,There is a plate of food and a pizza on a table.
27353,A bathroom with a shower curtain that has a tree on it
53723,Pair of zebras walking past rocks in zoo enclosure.
67095,Girl standing on street with large pink flower tie on
53846,Riders on horseback on roadway in urban area with onlooker nearby.
20175,small pots of plants are being transplanted 
65164,Two toilets in a bathroom next to two sinks.
104831,A man flying through the air while riding a skateboard.
120967,Street signs are on a pole in a big city.
122324,A sign for an Italian restaurant hangs outside a building.
96107,There several benches that are located near these railings on a beach.
80049,a white bed with orange and white pillows and some pictures
115103,A pretty woman holding a camera walking amongst a crowd.
41646,A baseball player swinging a baseball bat at home plate.
49676,Three elephants socialize with each other in the wild.
60017,A large group of people most of which are riding bikes.
142692,A dog jumping in the air with a frisbee.
3473,A hotdog on a bun with a few chips
21105,a group of people work inside of a kitchen
63953,The steering wheel of a bike with many gadgets parked in a mud room.
16204,He is showing her how to hold the Nintendo Wii wand for best game results.
46126,A large tall pole with a clock on top.
24865,A white sink with a metal faucet above it.
59832,The bike is parked next to the empty bench. 
47343,The orange and grey cat is lying down on a black backpack. 
10572,A boy constructing a gingerbread house in a kitchen.
87413,A group of tooth brushes sitting inside of cups.
45648,A living room filled with furniture under a painting.
85029,Two new looking parking meters are on the sidewalk.
12601,a bath room with a toilet a sink and a mirror
122276,Two older people sitting down in front of a beach.
69120,"A public bathroom with large vanity, mirror and stalls"
62115,A microwave oven above a stove top oven.
75184,A long haired cat staring in to a camera. 
129686,Four paper containers filled with different kinds of food.
69759,A group of giraffes in an outdoor enclosure.
107546,Two people coming off the mountain from their skiing adventure.
78618,a sandwich on a white plate a drink on a brown table
127783,an image of a clean half bathroom with wood floors
136506,A large group of people with umbrellas on a street.
20479,A man rides a bike through the street in front of a motorcyclist.
139421,Two young elephants are playing with each other.
157192,Man in carrier on top of Indian elephant.
142005,Snow boarders getting ready to travel up the snowy mountain.
79512,a man is on a court playing tennis 
72244,A power company worker works while another worker directs traffic.  
133740,A kitchen with marble counter tops and black appliances
144570,Two people riding on the back of brown horses.
156917,A ship on the water on a foggy day
109923,Side view of sandwiches with lettuce on white bread.
53746,Plate of food sitting on a counter top.
49897,A gray horse stands next to a barbed-wire fence.
103151,A tall giraffe rests amidst green grass and trees.
35955,A pretty little girl flying a kite on a lush green field.
100458,A large plane is parked outside an airplane hangar.
113383,Two woman enjoy a toast with glasses of champagne.
149619,Three birds standing on some damp ground outside.
130801,a woman sitting at a table in front of a pizza
86519,The bicyclist is feeding the birds on the street.
114992,A motorcycle driving down the street past a store.
34012,a tall white cake with red flowers on top and some small orange pots
135519,A large elephant walking through a lush green field.
9922,"A kitchen contains several appliances, including one on top of a fold-out table."
155560,A crowd of people walking across a rain soaked street.
14279,A young girl having breakfast in bed on a tray.
64386,A big screen television is sitting on a stand in a room.
123168,A man riding a red motorcycle in front of a red garage.
158561,Travel items are laid out neatly next to a purse.
61150,A couple of white and green airplanes on a road.
45971,a man poses in front of some pots and pans 
128875,A girl sits at a picnic table with a piece of pizza on a plate. 
153445,A well dressed man and woman standing next to a tree.
143102,a man jumping down part of a track while skiing down a hill 
53073,The plate has broccoli and slices of tomato and onion.
98919,Birds are standing in a basket on the table.
132303,A pizza that is half pepperoni and half chicken.
154795,A cat is laying curled up on a table surrounded by greenery.
16637,A person sitting in front of a desktop computer.
98860,A motorcycle is parked on a gravel lot
54067,A man standing in the snow with ski gear.
141938,a young lady on horseback stops to let her horse eat a while
119490,a small bird is standing on a tree outside
137489,An old train sits alone on the train tracks.
37560,A kitchen with black appliances and beautiful wood cabinets.
83879,A kitchen counter top with a tray of sliced tomatoes and a plate of whole tomatoes.
44635,A crockpot sitting on top of a microwave. 
35647,a man with a plate of pizza and drink in hand
138270,a man in a a tie posing at the photo
136184,"A cat sleeps on a couch by a book, a banana, and a shirt."
24512,"A bathroom area with a toilet, sink and a towel rack."
6824,A bathroom with a window and a bathtub next to a towel rack.
114823,An empty restroom with a white toilet and sink.
123129,An airplane taking off over a field next to a forest. 
12009,A kitchen type setting has a mirror that shows a bathroom.
63419,The bathroom is clean and ready for us to use. 
32777,a close up of a cake with candy near by
142424,A snowboarder is jumping in air with one hand raised and the other hand on the board. 
46010,Two men are making pizza on a table
115668,A black and white photo of a man in a suit
97878,Two people that are racing on some  fast motorcycles.
10626,A man is eating a lot of hot dogs and sitting at a table.
132756,A man that is  celebrating a tennis match outdoors
92134,A large building with two white towers with a crowd of people next to it..
71090,four elephants in captivity with trees near by
151534,The Sun Valley Market on the corner of 10th Ave and Irving.
150727,Two cats cleaning themselves near a park bench. 
128565,A pizza that is sitting on a wooden board.
95855,A bunch of vehicles in an Asian city.
115746,two people in a kitchen with a stove and a microwave
65378,Seven motorcycles are parked at a motorcycle repair shop.
16306,"A baseball bat, catcher's mitt, and baseball lying on a playing field."
148794,A row of buses sitting next to each other in front of a tall building.
142655,one zebra is standing in some brown grass 
150352,A large Delta airplane sits on the runway.
157663,A group of elephants standing in a grassy field.
88362,People are riding in a boat on a lake.
44234,A large stone building with a clock on it
132145,A person cutting a piece of paper with blue scissors.
88452,A man is walking a city street with an umbrella.
122010,A stop sign in a snowy bank in the woods.
109044,two young beginner snow skiers waiting to start learning
67859,A banana sitting in a bowl that is on the table.
34472,A soccer player is kicking the ball during a game.
34292,A black and white photo of a man in a trench coat standing on a tennis court.
113121,Stuffed toy bear sits with large spinning top in holiday themed display.
90786,A man with a broken umbrella walks down a rainy street.
62964,A woman wearing a Darth Vader masks setting on a toilet.
120755,A steam train carrying a lot of people is going down the tracks.
41197,a person standing on a tennis court holding his tennis racket pointing down
102224,Happy 1st Birthday cake for Lucas with blue and white frosting.
141485,A small boy is on cement on a skateboard.
18211,There is a horse head next to a bottle of Jameson.
66818,A very well dressed man making a funny face.
85165,A man in light colored clothing walks beside a bike as a red train is on the train tracks near him.
95565,A man holds onto the side of a train inside a museum.
89525,a kitchen with a tea kettle sitting on the back burner of the stove 
104008,A produce market filled with fresh fruits and vegetables.
17355,a stuffed bear is sitting in the window
8184,A woman sitting on a blue bike on a green hillside.
48426,Four cows standing in the grass near mountains.
105897,A brown horse standing in a lush green field.
25784,Open cabinet reveals kitchen amenities in small space.
79128,a close up of tooth brush and tooth paste
127823,Small toilet with a green and white painting hanging on the wall. 
25499,A young girl flying a white kite on top of a green field.
146316,A bunch of different vegetables that are in baskets.
27799,People are waiting in line at a food truck.
80244,Surfboarders are riding waves in the ocean together
66186,Bride and groom feed each other piece of cake 
129967,A bed that has a canopy over it.
65879,"A restroom with a sink, mirror and towel"
41376,A man kneeling on a hardwood floor and holding a green kite in his hands.
31167,A man para sailing on a sail board in a lake.
117567,Two men are sitting on a wooden crate with a cow next to them.
3426,An ad for Nike has the tennis uniform look like a super-hero suit. 
131446,A woman putting her dog on her surf board
39812,The mechanical alarm clock has bells on it.
4969,A group of boys playing soccer on a field.
33424,Young girl sitting and eating a piece of cheese pizza.
156280,Three people in an elevator reading papers while one appears to be on cel phone.
99785,There is a toilet next to a wall.
16712,A man rared back at a tennis ball with a racquet.
153607,A view of the coast from within a boat 
5501,A person riding a wave on a surfboard.
40507,A living room with lavishly decorated furniture and a stone fire place.
55438,A baseball player holding his hat with his glove tucked underneath his arm.
77020,An elderly lady holding a bin full of donuts next to two other women.
78288,Three people playing a video game in a living room. 
110003,a close up of a credit card cut into pieces
98781,A clean kitchen is shown with and without a center island.
92277,A red stop sign at the end of a street.
43,some people skateboarders ramps and trees and dirt
103888,A person reaching out to pet a horse with hills and fields in the background.
19387,A built-in microwave among some wooden cabinet doors.
149210,A long white train is speeding down the tracks in the distance.
47169,Row of moored boats of different sizes at marina.
116022,"A modern bathroom is fashioned with chrome faucets, round mirrors and dim lighting."
37773,"A kitchen with a dishwasher, refrigerator and pantry."
11226,A street with a banner above cars and a bus.
156030,A herd of animals next to a tree and shrubbery
80542,A young man holding a blue surfboard on top of a beach.
112779,a mason jar being used as a vase for the flowers
55231,A zebra standing at the edge of a pond.
11746,A man is riding his bicycle down a street.
14098,"Words on a back of a bike seat read ""hero""."
147474,A transit bus pulling through a shopping area.
85121,There is a table with chairs around it
75828,Two large suitcases sitting unattended at a bus station.
151966,A bunch of lambs standing around in a field.
86940,"A bathroom area with a sink, toilet and mirror."
23530,A man balding and wearing glasses taking a selfie.
134517,A person in a train station looks into the camera with a neutral expression.
98488,The trunk is filled with equipment to ski.
152347,A train arrives next to another train in a station.
135146,A cat is up in a blue windowsill playing with a package that is sitting there.
36326,The unfinished wood dresser is set up against the wall.
153858,Man herding some skinny cows in a street.
99771,A clean bathroom is seen in this image.
24458,"A counter area with a stove, plates and a rack for utensils."
66293,A white urinal sitting between a toilet and a sink.
146221,A woman on a horse jumping over a pole
90700,A binder is on top of a bed in a room with a wooden door. 
89293,A person lays on a bed with a computer in front of you.
736,Group pf people learning how to surf on the beach.
4416,A woman sitting at a table in front of a pizza.
107471,"Carrots, potatoes, green beans, and corn at a market."
91883,A man riding a skateboard while wearing an orange hat.
13487,a person walking alone with  blue and white umbrella 
22952,A woman brushing her teeth in front of a bathroom mirror.
145255,a man with an leg up while reaching for a frisbee 
137358,A couple of cows sanding on top of a grass field.
5098,A tennis player in front of other people on the side lines.
51936,A young man riding a skateboard down a flight of stairs.
52190,"Cake decorated with raspberries with a single, lit candle"
13146,"A bathtub, sink and window in a bathroom."
106492,A man holding three wine glasses in his hands.
47370,its raining so all the people are carrying umbrellas
34849,A softball player stands at the plate for the pitch.
21141,an old kitchen area with many sinks 
87099,"A kitchen with a stove, cabinets, a window and shelves. "
117069,A giraffe standing in the middle of a forest on grass.
44345,Two statues sit in the open window under a clock.
105516,A group of police riding horses in formation.
134287,"A young lady in dance attire, stands with a cell phone to her ear."
27952,A microwave and a coffee maker on a counter.
138926,A lone train is traveling down the train track
149525,"A group of seagulls foraging for food near the beach
"
140298,A man is watching a dog stand on a skateboard.
153442,A dog running in a field with people around.
55417,A plate that has three different kinds of food on it. 
128303,There is a chicken burger next to a bowl of soup on the table.
50286,Two skateboards with neon green wheels and no one riding.
111627,A woman that is sitting on a couch next to two laptops.
28922,two people standing up near each other playing nintendo wii
128676,a man on a surf board rides on a big wave 
135949,A couple of cats facing in opposite directions on a floor.
85518,A white bathroom with a tv and phone
11417,some bikes parked on a boat on water
155741,Two dogs swimming in the white water of the ocean.
124587,A person standing in front of a fountain holding an umbrella.
133370,Man plays tennis with tennis court fence and palm trees in the background.
34872,Two orange flowers sitting in a glass of water.
20130,a clock a building lights clouds and a blue sky
139088,This unique cake is made to look like a tree stump turned picnic table.
65689,a propeller plane sits parked in a parking lot 
37756,a cell phone in a holder attached to a desk
75626,A man wearing a suit walking down the street. 
27319,a person taking a photo in a mirror 
145917,A woman in a short skirt cutting a cake.
121784,A street sign mounted on a pole in front of large buildings.
124652,"A door to an eatery says ""time to eat"" and features a brick facade with blue trim."
41890,Two people working in a kitchen preparing a meal.
15761,A classroom with desks and laptops with headphones on them.
11421,a black and brown counter a sink a mirror and some towels
154679,THE VIEW OF A STREET FROM THE TOP OF THE BUILDING.
147246,Dude on horseback leads herd of sheep with two dogs
51375,a group of boys playing a sport on a green field.
153879,Two black cats looking at each other in a window.
100768,A street sign next to a streetlight and camera
26446,Two men on small tricycle in urban city.
26576,A kitchen with wooden cabinets and a stove top oven.
18989,A woman prepares to hit a tennis ball on a tennis court.
111316,A vase sitting on a table as a man looks out of a window.
24417,A plastic cat girl rides a plastic bike
89903,a close up of a sink in a bath room 
45667,A bunch of garbage is outside a black gate.
108715,two zebras standing together while putting their heads on each other 
18368,A man holding a turkey he has just taken from the oven.
129852,Players and a referee in a soccer match.
124841,A blurry photo of people riding motorcycles in the woods
110190,A woman is pouring a large amount a wine into glasses.
85751,"A bathroom with blue walls has a window, a sink, a bathub, and a toilet."
2176,"There is a girl eating a sandwich, she has blue eyes and her nose is pierced."
124687,"A small, neat and clean yellow bathroom set up."
147165,A bus is being primed for painting it.
43120,"Several electronics, including a laptop, are placed on the table. "
1364,A frumpled bed sits in between two blue covered nightstands.
131652,A large clock tower rises up above the surrounding buildings.
119153,A sign advertises registration at Harriet Tubman Elementary.
17299,Someone's hands on a computer keyboard looking at a screen.
88777,"A group of people walk under umbrellas in the rain.
"
113353,a bunch of food is laying on a plate
139174,"A cat jumps up on a desk with a computer, CDs and magazines."
17405,Two people at a table looking at a computer.
10012,A couple of people that are making some food.
105916,Several college students play a game of a ultimate frisbee
26360,A bathtub with silver hardware has a digital screen on one side of the wall.
96194,A bright blue ocean with a bridge of some sort.
128355,Girl tennis player getting ready to serve ball. 
103442,Baseball players are standing at their designated positions.
126400,a white stove some brown cabinets and some bowls of fruit
71801,"Two trains, side by side, waiting at the train station"
71988,A person taking a photo of a couple under an umbrella
105913,Tourists taking photos of a half-horse half-zebra playing
43519,A man is standing and smiling as he and a woman hold a device.
113868,A very clean kitchen with the light on.
28368,A bathroom with a toilet and a bath tub.
135875,a women that is standing outside next to a tree
106768,Three sets of skis standing in front of a snowboard.
58509,A dogs face and the dog is laying in the bed
142119,a polar bear stand on a piece of ice floating in some water 
102687,A seagull with a piece of bread fling in the air.
154183,A dog is holding a frisbee in its mouth
151683,Two fast trains travel along an old bridge.
97702,"A kitchen with an old style stove, shelving, a sink and window."
131623,The smiling girl is holding a tennis racquet.
99639,Folded towels are sitting on a rack above a toilet.
118587,Two birds perched on the branch of a tree.
134100,Two people standing next to each other while flying a kite.
156692,a woman is setting some goods outside a store
130120,a couple of candles are on a cake
144684,Two people that are in the air while snow skiing.
142946,Two men are standing on skis by a snowy mountain.
94248,a beautiful lady ready to open the vehicle
59121,A wooden bench with grass and a beach behind it.
104194,A skateboarder is in the air doing a trick.
19157,A baseball player connects with the ball during a game.
62734,A single propeller silver airplane in the sky.
39319,A couple of home computers on a desk.
78792,A person rides the waves on their surfboard.
90606,A glass shower and sink in a bathroom. 
12912,Sliced banana being cooked and stirred in a silver sauce pan.
33028,Soccer players during match play in city environment.
90933,A mostly cleared counter with a bunch of bottles in the corner.
100861,a large lot full of parked school busses 
117917,A woman sitting on a bench in a field in front of a pond.
77566,"Sitting on a table is a pizza that is sitting on a wooden pot holder along with a bottle of wine, pizza cutter, plates and glasses."
9678,Many people are scattered in one area on the road on their bikes. 
33780,The surfers are riding surfboards in the water. 
135864,A MOTHER ELEPHANT GRAZING WITH HER NEWBORN CALF.
121636,A man is holding a goat that he is inspecting.
152561,a big long school bus that is parked by a tree
15618,A shirtless ginger blow-dries his hair in the bathroom.  
51378,"A table is set with the fixings for bacon, lettuce and tomato sandwiches."
128002,Three buses pulled in front of a bus station loading passengers.
43116,"A display of a variety of female outfits, shoes, and handbags."
136316,A cat laying on top of a basket on a table with a mirror above it 
151529,there is a very tall zebra standing alone in the wild
105690,A black man on a skateboard at a skate park.
5708,A woman holding a plastic cup next to a crowd of people.
151265,A man with a tie on and a head band in celebration of a holiday.
96410,Trains on a row of train tracks and rows of poles
143168,A man is on a beach and is getting ready to throw a Frisbee. 
141761,A large display of fruits and vegetables are in a market.
93527,Street signs and a stop sign are all on one post in front of a tan building with white windows.
9917,A white refrigerator freezer combo sitting in a kitchen.
137989,People holding umbrellas are crossing a street at night.
119748,A traffic light at an intersecection without a lot of traffic.
9555,A bus on a lot next to a construction site and workers.
5687,A pizza with thick crust sitting on top of a pan.
131788,A hipster sits at a desk near a laptop while using his cell phone.
48015,A row of people in a larger audience watching something.
60271,A man works on a motorcycle inside a motorcycle repair garage
79881,Surfers are riding a wave near some very big rocks.
65248,People working on a motor bike while at a race.
109748,A vase filled with flowers and greens on a shelf.
155870,A cat lays on a floral couch next to two remote controls.
54980,A batter ready to hit the ball at a baseball game.
134344,A desktop computer sitting on top of a wooden desk.
45444,A eggy casserole is shown from the inside.
158662,A man in a suit and tie standing next to a woman with glasses.
153537,A cat yawning next to a blue bottle. 
127518,Man holding a metal bowl at the table.
59102,The hallway of a house with a mirror hanging on the wall.
32096,Male surfer on a red and blue surf board.
116571,a person in a beanie is taking a picture
140631,Three guys walking in the water as a Frisbee heads toward them. 
87149,"A bathroom scene with a toilet, sink and mirror."
44887,Baseball player standing in front of a fence holding a bat. 
69315,A jet flying over a coastal mountain area.
84251,A bath and a toilet in a small room.
143964,A big wooden dining table filled with lots of food.
60348,The lady walks a pair of odd-looking dogs along the seashore.
77923,Two pepperoni pizzas cooling on the stove top
96916,Three giraffes near some trees during the day.
103210,The stop light is green on a busy street intersection.
147752,a number of people riding motorcycles and bikes
117462,A statue next to a fence in the street. 
126828,A photo of a person on a motorcycle on the road.
3407,A man and a woman sitting in a booth having milk shakes and cake.
148784,a plane is on the tarmac preparing to load or unload
144720,A big metal pan with some food items in it.
137610,A polar bear plays in its habitat next to a yellow traffic cone.
44213,A building with a clock tower is looked over by the moon. 
25128,"Here is an image of an outside district.
"
128329,A white and red tennis player hitting a ball.
103268,A restaurant hanging from the side of a building.
96421,A public transport bus heading to and.or from Manchester.  
4830,A man hitting a tennis ball with a racket. 
27219,Women working in kitchen cooking and preparing meal. 
107612,A skater outside his school on a chilly late afternoon
25889,A door leads to a small bathroom with white furnishings.
16158,a baseball player on the feild with a bat 
126724,A row of white urinals mounted to a restroom wall.
127290,A toilet in a bathroom with a wooden door.
2318,Two couples are surfing on the same surfboard while one man surfs alone on his surfboard.
36028,A young boy holding a kite next to a body of water.
32374,A group of surfers rinse their boards before leaving the beach.
123122,a bathroom with a sink a small mirror and a toilet
49921,A woman is feeding a banana to a horse.
138720,A cat sitting on top of a window sill.
156354,A man sits on a roof above his deck adjusting an umbrella.
2540,an image of several desserts on a plate
97161,An old fashioned steam train parked for display.
50773,A giraffe grazes in a field as a giraffe eats leaves nearby.
50505,Spectators watching a skateboarder doing an aerial feat at outdoor show.
1143,Tennis player is attempts to hit the ball
90905,A lady at Boston Harbor with her phone and a black dog.
9053,a policeman on a motorcycle next to a car
149104,a raw chicken being cooked in a toaster oven
156822,One woman wits on a chair beneath a blue umbrella t the beach as a guy walks down the shoreline.
18961,a large metallic fridge is next to a desk
47691,A elephant nose that is over a window.
5066,A plate of fries and a hotdog with condiments.  
19757,A clock lit up at night time on a building corner.
142118,A bear and her cub stand on the edge of lake.
34375,"Two books - ""SVG Essentials"" and ""Programming Ruby"" - stacked together."
123025,split image of inside outside small bathroom window with urinal
103422,A zebra looking at a rock on the ground with a ram in the background.
89622,a black cat is sitting in a sink and some sunglasses
70543,A very simple bathroom with beige and cream colored decor.
65191,A Starbucks cup next to a muffin and a banana on a table.
131714,Several people are in a park flying kites.
456,A woman brushing a baby's teeth while he sits in the bath tub.
132708,Two ovens next to a plastic bucket and trash container.
127712,A motor scooter parked next to a yellow wall.
73339,Cat lays down holding on to owner's shoe
71421,A few cows walking up a steep hill.
56607,A little old lady holding a bowl of bananas.
66081,Lots of sheep graze on a grass field.
74855,A man walks down the street as taxis pass him by.
83167,A boy with a three wheeled bicycle and this dog
70223,A desk sitting next to a showroom of cars in it.
143693,A brown dog sits in the snow near a red table and black chairs.
93944,An old bus traveling on a road way. 
39700,A couch and a table in a small room.
72628,A bull looking out of a wooden fence.
140695,A large group of people in a field playing frisbee.
57261,"A bowl that has some apples, cucumber, carrots and tomatoes in it."
26092,City traffic on large boulevard shown at dusk.
5497,two people eating at a table and many people are watching them
111426,A man in grey sweater standing at a wooden table with food and coffee.
76029,A small kitten seated inside a house slipper.
10460,A group of men standing around food discussing something.
94566,many police are lined up and some are on horses
109581,This is a game of professional baseball being played.
54481,Workers are bagging bananas while at work together
18676,A girl plays a very dizzying game with a baseball bat.
38410,A man holding remote up with his hand.
74459,Black and white photograph of cars in front of a building.
130935,A living area with a bed and a large window.
52814,a bowl of soup a steak some broccoli bread and a baked potato  
110677,Food on a table prepared to it with beverages.
26378,This is a small but inviting kitchen dining area.
72707,A man stands near a podium in a gray suit and blue tie.
151037,A bird is flying with its wings extended out over a grassy field.
89036,A woman walking a down while on a red leash.
82174,"A bedroom with a bed, dresser, mirror and television."
25746,A woman in a brown sweater holding a phone.
22474,this is a bathroom with yellow and brown walls
103083,A humming bird above a fushia flower among green plants. 
95563,"A bunch of police officers on a city street corner,"
40046,people at a baseball game with the batter ready to swing.
143770,Three zebras walking in shadowy area with fence and dirt
66568,"A plane is flying across a hazy, pink sky."
140800,A white horse standing in an open field.
23983,Vegetables line the shelves in a room where they are prepared.
138257,A large Gummy Bear sitting around other small bears.
15660,A large clock tower in black and white.
143529,a horse with a long mane looking at the camera 
130810,A tomato and cheese pizza is sitting on a red plate. 
124528,A light is shining through a kitchen window.
97787,a couple of pans and bowls on a table
132814,This is an image of two people playing wii.
58251,an edited picture of the same boy doing several different tricks on a skateboard 
122964,This is a bathroom that looks to be recently remodeled.
5220,A person leaning against the leg of a bed.
53366,A pretty young lady riding a skateboard down a street.
59870,A motorcycle parked on the sidewalk in front of a store. 
100191,Neatly made beds sit in an empty room with other assorted furnishings. 
45252,A woman sitting on a couch in front of an open laptop computer.
155907,People looking down in an enclosure with black bears.
148655,Three trains at a train station on parallel tracks.
119554,a train on a overpass and cars traveling below 
70454,A dark and cluttered storage area with wood walls.
116567,Two ducks are swimming outdoors in the water. 
9173,A man in a shop repairing a bicycle 
10088,A small public restroom with white toilet and urinal.
46917,A group of people standing next to each other.
45671,a batter swinging at the ball while the catcher is ready
150397,A giraffe waling in the open. The ground looks dry and arid. 
29480,A man carrying his surfboard into the ocean.
19162,A woman is on a tennis court and is hitting a ball with her racquet. 
89882,"A dirty kitchen with a table, chairs, stove, oven and refrigerator."
56956,A bunch of items that are on a table.
60195,A black car on the street next to a parking meter.
37247,A young boy in a baseball uniform standing at home plate ready to bat
140151,a dog standing on a carriage behind two men
93309,A No Parking sign is attached to a telephone pole.
130078,A bed with brown covers and an oil painting at the head end.
89416,A closed umbrella is strapped to the middle bar of a bicycle.
29638,A man on a court swinging a tennis racket.
27229,a cat is standing up in a bathroom
45687,A woman looking at a new laptop. 
115085,A cyclist riding in the bicycle lane of a city street
116381,"That is a picture of an outside locale. 
"
36384,A box filled with lots of bottles of wine.
11511,Two men are smiling looking at a laptop computer.
149600,Pedestrian and car traffic on the corner of Santa Monica Blvd at night
137063,a black and white cat and a laptop
32959,A man riding on top of a surfboard in the ocean.
84803,"A bathroom with a sink, toilet, and stand alone tub."
32435,A chocolate cake sitting on a white plat that is sitting on a wooden table.
127110,A bus pulls up to a sidewalk and bus stop.
157562,a person sitting at a small table with a laptop
156706,A small crowd of people gathered around an elephant which is laying in a pond of water.
46858,An umbrella is stuck in the sand on the beach.
124227,A parade with police officers riding police motorcycles
102130,A Charlestown resident permit parking only sign on Badger Place
88231,A woman riding her bike with a little boy.
113896,A bicycle leans against a park bench with a flowering tree nearby.
1360,A woman on a tennis court with a racket in one hand and a ball in the other.
152775,A small passenger train traveling in a wooded area.
22498,a small bathroom with a sink and a mirror
69294,A banana plant with a large flower and unripe bananas.
114091,A bathroom with a shower and a sink.
74021,A couple of people that are in the water.
88927,Two women looking around a yellow dining room
107798,LARGE COLORFUL OUT DOOR FRUIT AND VEGETABLE STAND
67713,A close up of several pikes locked on a gate.
117542,"A drawing of a yellow headphone cord and an ear piece,"
145144,A zebra standing out alone in the grassy field
106857,An adult zebra stands with its young in a field.
158203,A woman sitting at an outdoor table working on a laptop
105159,A lone skateboarder is riding down a street.
56750,Boy on skateboard on a down ramp near going into a parking lot. 
83696,A man riding a bike down a road next to palm trees.
129849,"A man playing tennis, ready with racket in hand."
57860,Two dogs are fighting over a frisbee while another watches.
16424,A silver ice dispenser on a tan tiled floor.
152408,a black white and red airplane and some people
41442,A person takes a picture of a presentation on a phone.
34997,A pizza with fresh basil served on a board
58918,A banana is next to a bowl with pastries in it.
100687,A fast train crossing over a small bridge.
7533,A clean bathroom with a toilet and shower.
81807,A skateboarder doing a trick on a rail.
44385,A very pretty fancy clock on the side of a building.
95630,A close up of a giraffes head and face
84159,A cat sitting on the hood of a silver car.
113303,A man cutting something with a pair of scissors.
25702,"A shower, bathroom sink and kitchen sink inside of a residence."
57450,A man and a woman posing for a picture while on  a ski mountain.
58762,Broccoli with an orange sweet glaze on top.
72059,Some people that are walking on a sidewalk while it is raining.
156462,A person that is in the water having some fun.
82996,A half-eaten pita is sitting on a plate among other dishes.
146851,Birds are flying around a photographer with one swooping rather close.
34921,A water bottle sitting near an old computer
158600,Carry-on luggage and an umbrella on the sidewalk
92055,A bunk bed sits next to an open window. 
98087,A bus with people standing in front of it. 
78746,A donut sitting on top of a piece of tissue paper.
75270,A guy with a backpack looking at the ground to his left. 
52036,A downhill skier engaged in an Olympic competition.
142436,Horses racing around a race track lined with yellow flowers.
66893,The group of people are getting ready to eat cake.
42363,"Room with a couch, tv, dining table surrounded by chairs and two doors "
122039,A yellow school bus is traveling down a road near a building.
62639,An empty kitchen that has some items sitting on the counter.
39557,A man flying a kit shaped like a jet.
75364,A man walking besides cows down a road. 
115199,Several people walking along a wooden boardwalk. 
76581,A black dog laying on a cheetah print dog bed.
118334,A construction worker standing on dirt near a fire hydrant. 
115465,A kitchen filled with a large sink with lots of dishes next to it.
49420,A black four wheel drive pick up with a bicycle mounted to the top.
42828,"A clock that reads 5:55, is placed near the building. "
83719,A woman wearing glasses while holding a brown dog.
3792,Four different angles of a persons hand holding a small remote control in various positions.
128040,A woman standing in front of a bathroom mirror next to a sink.
107448,A man in baseball uniform throwing a ball.
125780,a kitchen with a tall cupboard analog clock on the wall and a refrigerator
128998,A man taking a photo with a doughnut.
105369,Riot police on horseback line up across a street
3174,A picture of a person in the beach.
96608,Two buses moving along on a road during a sunny day.
3330,A selfie of a woman laying in bed.
83474,A man standing in a kitchen preparing food.
44426,A guitar is leaning against a chair with a Christmas tree visible in the side of the picture and toys on the ground in the front.
20253,There are a pair of glasses next to the books.
58131,A hiker holds two walking sticks in the snow.
12623,This restroom is in need of repair and cleaning.
35127,Group of people outdoors flying a series of kites in a park. 
51804,A jockey is on top of his horse number 6.
60597,A dog sitting on the floor in a room.
66446,Two airplanes that have white smoke coming out of them.
58796,A young boy standing in the rain holding an umbrella next to a boy wearing a baseball cap. 
109959,A group of ladys around a small table.
122336,A man is playing a fiddle in his kitchen.
133339,A tennis player is going up to hit a shot.
18976,"Blue-hued plates, vases and watering pail displayed in four images."
100319,A car parked outside of a small park.
43984,a black and white photo of a woman holding a baseball bat
107636,"A white plate topped with broccoli, meat and potatoes."
3683,A hot dog bun smothered in chili sitting on a wooden counter.
90792,A clean kitchen with white cabinets and a black oven
99528,A woman riding a bike past a store.
93341,A young woman sitting on the bench of a pier reading the newspaper
63449,Someone is playing a game of tennis with racket in hand.
4215,The two boys are playing nintendo wii on the television.
48580,a few people that has some umbrellas in hand
108920,a couple of guys out side with some poles in their hand.
11339,A woman in a purple jacket holding a bag.
153876,Airport baggage handlers loading luggage into a cart.
137824,A person in wind breaker pants holding a pillow and suit case.
74978,Two men that are riding on the back of elephants.
93687,A lamb has made its way to the food trough alongside a grassy hill.
85105,A small kitchen has two silver sinks and stove.
90082,A person standing with a hat and a kite string.
125910,"Cars, motorized scooters, and other vehicles stopped on a busy road."
29288,A suitcase next to a large bed in a nicely furnished room.
415,A chili cheese dog with french fries on a plate.
46288,Man sitting on last step in front of door while holding his phone.
40100,An adult baseball hitter reacts to a pitched ball.
108383,there is a frisbee team taking a team photo 
64874,A bathroom with a tub and toilet. 
110650,an image of a plates of food at a Mexican restaurant
1061,"A big surf area in the middle of the city called ""surf in the city""."
60294,"a bathroom with a sink, toilet and a window"
140170,these two men in suits are shaking hands
111540,A table topped with strips of tape and a pair or scissors.
87755,A kitchen area with tan counter and two white sinks.
121624,This dog is wearing a Happy Birthday hat.
14967,A man is holdinga baseball bat by a chain fence.
24689,A menage has been constructed out of kitchen gadgets.
77718,A young woman is eating a piece of pizza.
91786,A green train pulling into a train station.
123936,A man with a knife and sharpener instructing a group of women.
130150,"A bowl of beans, two hot dogs and slaw."
42036,A batter lifts his left foot as he swings the bat.
81320,a group of people playing a game of soccer 
57733,A bowl of broccoli that is on a plate.
134974,A group of people in a kayak rowing together
73623,a red and white semi-truck sits in a parking lot
39996,A woman jumping up to let go of a kite.
145076,A person petting a dog in front of a bookshelf.
87551,The huge clock on the wall is near a wooden table.
59920,Two motorcycles that appear to be antiques sitting in grass. 
86752,An empty kitchen includes a table with place settings
104980,"Skiers at the base of a mountain, one is fixing bindings."
84656,"People sit at a library, studying and using computers"
42050,A girl has presents in front of her near another woman and a dog on a living room floor.
31498,A woman standing on a tennis court holding a racquet.
6121,"A modern kitchen incorporates elements of stainless appliances, butcher block counters and an above cabinet nook for interesting collectibles."
65516,a man taking a nap on the bench in the middle of a park
112572,This photo depicts a green vase with white blooms in it.
81055,The skateboard rider is doing a trick upside down.
17922,A large roman numeral clock in a stone building.
119484,A traffic light and road signs are posted near buildings.
96518,A bus driver maneuvers his bus down a narrow roadway
103982,A group of people riding brown horses on top of a grass covered field.
89547,A modern bathroom with a round shower unit in the corner.
41311,A really big building that has a clock on it.
145919,A white plate full of food with meat and veggies. 
99607,a statue of a person drinking toilet water 
61717,A bath and a bed in a small room.
92877,A abandoned yellow and blue train on tracks.
126437,A computer with a keyboard is on a desk.
40556,Two men sitting at a table with laptops.
87324,A man standing on the end of a pier next to a boat.
1984,A boy is riding a boogie board through a wave.
49525,a big truck that is parked next to a small car
79578,Athlete deciding on ball to use for service during match play.
3479,A man riding the waves in the water
64936,Man sitting on motorcycle next to pickup truck in covered area.
149721,THERE ARE A LOT OF BIRDS THAT ARE STANDING ON THE HILL
62584,A chef in a restaurant kitchen cutting vegetables. 
71452,an elephant with a person sitting on its head
105437,Several horses stand on an asphalt road and two of the horses are white and brown.
2898,A chicken and tomato sandwich with chips and water on the side.
38706,A man swinging a racquet on a tennis court.
20847,flooding scene in South Asia with people standing in flood water
62343,A black and white photo of a man on a motorcycle
38754,a baseball player stands at home plate as the catcher sets up
94062,A traffic light at a intersection with vehicles.
99292,A tiny bathroom has a brightly colored shower curtain.
60260,"A plate of food with shrimp, pasta, and salad."
139619,A piece of luggage is sitting on the concrete
76444,A man wearing a stripe shirt and a neck tie.
89499,A motorcyclist in a helmet is posing next to the parked motorcycle.
28931,A man in striped shirt sitting on a couch.
69827,An unfinished bathroom with a toilet and a sink.
8333,A bicycle rests on the ground next to a bench.
31130,Somebody is sleeping in the bed next to the clock on the table.
76245,A cat with glowing eyes cuddled with another cat and some plushies.
94670,"A red, white, blue, and silver train at a station."
3719,Two bicyclists stand hear an awning and tables covered with food.
15805,a woman sitting at her computer desk working with her computer.
32630,a girl smiling sitting at a table in front of several display items.
150924,An older style light pole with a no parking sign attached to it.
21013,people hanging out in front of a cathedral
67512,A cat sitting next to a bicycle wheel looking through the spokes. 
75054,A person in red and black reaching for a person in white and black who has a Frisbee.
88398,A large kitchen with sinks microwave and cabinets
103975,A uniformed baseball player swinging a bat at home plate.  
113960,A man on a bike waiting at a crosswalk.
149718,The welcome sign in the city of Reno on the street.
146079,A picture of a farmer and a horse plowing the field.
131974,A man is talking on his cell phone while riding a bike.
101086,A passenger train sits on the tracks in front of a building.
119448,A green gate that has a sign in front of it.
107369,Two men sharing a pizza pie while at a restaurant.
3716,A beautiful young woman riding a surfboard in the ocean.
143059,A group of baseball players standing on top of a field.
135157,The front of a boat with a view of the ocean and land. 
57544,Three people holding frisbees in a wooded area.
109441,Two people look up at a giant clock.
156894,A shopkeeper preparing various colored umbrellas in front of her shop.
103988,A boy wearing a monkey backpack holding a frisbee.
56721,"A plate with a steak, steamed broccoli and noodles."
45225,The two markers are sitting on the holder on the table.
83583,"A bathroom with a pedestal sink, toilet and claw foot tub."
132481,"Paper plate with a slice of quesadilla on it
"
104997,Man in grey shirt throwing a red frisbee at the park.
33012,a meal is set comprised of salad and a burger
85991,The public rest room is clean and ready for the customers to use. 
63871, A young man sleeping on his side with some time of tv device over his face.
154897,The cows gather on the grass covered hill.
96680,A wooden bench by some trees in the grass.
123173,"A pair of Navy officers cutting a cake together at a banquet, surrounded by officers and civilians."
78246,A cute pizza and cutter on a surface.
11346,Gorgeously appointed and enormous bathroom decorated with natural components
65874,A car driving down a small street surrounded by buildings.
26094,a toilet some towels toilet paper and a counter
153122,two cows standing behind a fence with one looking at the camera
68989,A white toilet in a very small room.
46692,A young person is wearing a yellow tie that he made from construction paper and colored it with crayons.
149907,A small train sits empty at the start of the ride.
2031,"A table is set with three mugs of beer, a slice of pie, a donut with a segment cut out, and few other objects."
17250,a very large building with a clock tower near
128736,A surfer by a pier riding a wave.
26916,"A small kitchen with cabinet, sink, and microwave."
22142,A sink and a white toilet in a room.
388,A bundt cake on a plate by a bowl of fruit.
114993,a white toilet with a black seat in a stall
101631,A lighthouse with birds flying by it at a bay.
5680,There is a living room with chairs in it
12044,Four guys in a kitchen cooking and cleaning.
74433,A woman is standing near the open hood of a truck.
20800,A cat sitting on top of a white toilet seat.
39199,A man holding a paddle hitting a ping pong ball.
45885,A laptop on a table with notes and books all over the place.
18401,two brown teddy bears with red name tags on them
150949,A red fire hydrant in the middle of the grass. 
70983,A man wearing three hats is wearing a sign in protest of his job.
92619,A street pole at the corner of Stillwell and Mermaid Avenue with a crossing light on the sign.
121492,A couple of giraffe eating hay from a trough in a field.
33103,Take-out food in a basket on a wooden table.
122525,"A  tiled bathroom with a sink, shower, and tub."
44378,"A large breakfast omelet, english muffin and fruit"
32005,Two women sitting in a booth at a restaurant sharing a stuffed pizza.
143678,there is a woman smiling and holding bananas
53806,A hand holds a small bowl of rice and vegetables.
40681,A tray topped with a lot of breakfast foods.
29261,"A wood table full of plates, cakes, and deserts."
120,"Chopped up vegetables in bowls featuring lettuce, red onion and carrots."
150625,A stop sign that has been vandalized with graffiti.
62332,The dishes have been washed and the dish towels are hanging neatly on the cupboards.
36428,a boy tosses a ball for another to hit with a bat
22150,a small bathroom with wood floors and a toilet
98698,"An all white bathroom with a shower, toilet and sink."
14059,A man in a shirt and tie holding a cell phone.
44531,A cell phone sits on a table next to some jewels.
63789,A red light on the side of an old building near an alley way.
1094,a large dog laying in a dog bed in a living room
58731,A man who is making a jump on snow skis.
21942,An interior shot of a small tiled bathroom.
108188,A shirtless skateboarder enjoying his sport with no protective gear on.
139791,A young farmer using a Sunshine Milker machine to milk a cow.
49492,A women who is petting the trunk of an elephant.
130551,A bed with books and papers and a blanket.
68197,A person holding a computer mouse next to a keyboard.
110028,A large jar filled with white flowers behind chairs.
58236,Several gentlemen having a conversation in a park.
16396,A man sits in a chair and pets a furry dog. 
116577,a blue and white bus is covered in newspaper
54818,A crowd of people wearing skis on a snowy mountain.
42241,a woman in white shirt sitting by presents and a Christmas tree.
37555,some people at some tables some chairs and a monitor
50857,A little boy in a baseball uniform wearing a mitt.
116727,A silver train traveling past a train stations.
17100,Modern looking living room with white flooring and furnishings
120980,A double deckers buss full of people taking part in a parade.
81784,Man in trench coat enjoying food item on skewer in office setting.
51180,"Two apples, an orange, and a banana form a smiling face"
151757,A young girl is sitting on a couch while playing with a toy.
69059,a black and white cat a fence and some silver bowls
35093,Man singing into an electric hair dryer in the bathroom
34590,an image of two couples of playing a video game
75385,Orange cat lying on a stuffed animal looking at camera.
57900,A woman catching a frisbee on an indoor field.
32980,A person in grey and tan jacket riding a snowboard on slope.
57743,A man sitting on his couch using his laptop
40598,an odd looking blender with three serving glasses 
20,A zebra grazing the grass on a sunny day outside. 
144867,The man is jumping over the skate board
141592,A man sitting a carriage while a horse pulls him and a boy riding on a horse behind him. 
36157,A variety of kites flown in a computerized image. 
103169,An airplane that just took off in the air.
48434,White house boat docked at pier with man in blue approaching
158013,The backside of a dog sitting on a chair.
142270,A bowl containing fruit is on a counter. 
61891,A brown and black dog sniffing the straps of stiletto heels.
30188,A metal table holding two donuts covered in sprinkles.
36276,A group of identical teddy bears on shelves.
155177,two elephants walking in captivity with a building in the backgroun
113366,Fish and chips were served with a side of greens
19349,TWO FRIENDS EXCHANGING LOOKS WHILE HAVING A MEAL
42147,A baseball player steps to the plate while the catcher prepares for the throw.
89006,A bathroom with a toilet and a red sink.
129508,A pizza that is sitting on a paper plate.
124573,a woman walking her bike on the side of the street
82231,This person has five remote controls for five different things
133786,Two laptop computers sit on an orange table with their lids open.
94497,the clouds rolling in over a few houses
46808,A close up of a mans neck wearing a blue dress shirt and tie.
92691,Four giraffe are walking through a field of high shrubs.
18363,Four people gathered in the kitchen looking at a refrigerator.
18207,A woman uses her cell phone on a passenger train.
17338,A pizza sitting on top of a pan covered in toppings.
146086,A person on skis performing a flip off a snowy track.
13007,A young woman chef in a kitchen preparing food.
118961,a blue train is coming down some tracks
136110,a red stop sign that is under some trees
18465,"A view of a clock tower, from across the way."
36555,A family stands and smiles happily next to their daughter.
148665,old and faded fire hydrant surrounded by some green grass
118949,"A green, blue, and red fire extinguisher beside a road."
91510,A small seabird hunts at the edge of the water.
109644,A table with six various colored flower vases. 
152596,a green bus driving down the road with passengers
103873,A man walking around a snowy site with various skiing equipment
56341,A dog standing wearing socks with sandals on its back feet.
45284,The little girl drying her hair with a hair dryer.
115146,a white kitchen with a silver refrigerator and sink
76878,A double bed in a hotel or motel setting.
143774,"A plate of beans, broccoli, and meat is on a placemat. "
42983,A stainless steel fridge with video game stickers on it.
103857,skateboarder in mid air doing a high trick.
145482,A piece of broccoli on a piece of cheese.
131763,A dinner bowl filled with vegetables next to a glass of wine.
7344,A woman standing in a mirror in a bathroom
117536,A statue is displayed next to some odd street signs.
119297,Large buses that are parked on the road nearby a motorcycle and bicycle.
13701,A spiral glass water feature showpieces a commercial bathroom.
73318,Group of brown cows with ear tags in grassy field.
7950,A reclining lounge chair mounted on a bicycle.
23962,A glass of wine sitting on the edge of a table 
132768,a person sitting and recording another man using a wiimote
116166,Close up photo of a magnification make-up mirror in a dark room.
99062,Bike shop inside with many prospective buyers also
